,ItemId,CalcDay,CurrentStock,Transit,AdsNum,AdsRub,Idc,StockAvailDays,IsSuper,IsNew,Timestamp,Volume
2585074,529422148,2024-03-01,15,0,0.3214285714285714,115.85714285714286,46.66666666666667,28,False,False,2024-03-01T00:31:57,0.6507697819086552
11258896,1158364576,2024-03-01,15,0,0.6071428571428571,415.3928571428572,24.705882352941178,28,False,False,2024-03-01T00:32:21,0.44038781720349085
10455612,1075389382,2024-03-01,15,15,1.4285714285714286,1796.142857142857,10.5,7,True,False,2024-03-01T00:32:29,0.792865367782436
10478399,1421885071,2024-03-01,15,0,0.2,91.53333333333332,75.0,15,False,True,2024-03-01T00:34:14,0.7522342044727398
1611499,1103620304,2024-03-01,15,2,1.5357142857142858,336.4674998692104,9.767441860465116,28,False,False,2024-03-01T00:32:17,0.590781467052418
808162,1364014098,2024-03-01,15,0,19.17391304347826,8814.71870754076,0.782312925170068,23,False,False,2024-03-01T00:33:34,0.5562126149489643
549769,158218546,2024-03-01,15,0,0.0357142857142857,21.035714285714285,420.00000000000017,28,False,False,2024-03-01T00:33:20,0.8983217033190988
2725087,598655880,2024-03-01,15,0,0.3214285714285714,306.07142857142856,46.66666666666667,28,False,False,2024-03-01T00:31:58,0.9321099251803839
7296587,1163512754,2024-03-01,15,0,0.2142857142857142,307.2142857142857,70.00000000000003,28,False,False,2024-03-01T00:33:34,0.9332454743945989
2938549,640256697,2024-03-01,15,5,0.5,542.0864990234375,30.0,20,False,False,2024-03-01T00:32:02,0.7641213315146757
2972885,1319662221,2024-03-01,15,0,0.2142857142857142,135.71428571428572,70.00000000000003,28,False,False,2024-03-01T00:32:44,0.680659210445558
7278168,809832883,2024-03-01,15,0,0.8888888888888888,445.81166585286456,16.875,18,False,False,2024-03-01T00:32:06,0.8702035457797143
10038956,1008704548,2024-03-01,15,0,0.4642857142857143,93.53571428571428,32.30769230769231,28,False,False,2024-03-01T00:32:20,0.41748173908297215
4238034,572860120,2024-03-01,15,0,0.1785714285714285,85.57142857142857,84.00000000000004,28,False,False,2024-03-01T00:32:06,0.187908893418071
4233575,568619575,2024-03-01,15,0,0.2142857142857142,122.32142857142856,70.00000000000003,28,False,False,2024-03-01T00:31:57,0.8545590443022859
7108700,637654987,2024-03-01,15,0,0.1785714285714285,33.84964261736189,84.00000000000004,28,False,False,2024-03-01T00:33:14,0.2570749313965436
9462698,1052995508,2024-03-01,14,1,0.1071428571428571,50.57142857142857,130.6666666666667,28,False,False,2024-03-01T00:33:05,0.143086483884114
5682790,631571071,2024-03-01,14,0,2.5357142857142856,2417.961774553572,5.521126760563381,28,False,False,2024-03-01T00:32:04,0.44418974145073264
6042281,1408384460,2024-03-01,14,0,0.5185185185185185,274.3703703703704,27.0,27,False,True,2024-03-01T00:33:49,0.18164375041604058
1487953,357378213,2024-03-01,14,0,1.5454545454545454,1140.590909090909,9.058823529411764,22,False,False,2024-03-01T00:31:55,0.37142726301840134
6207546,1294979930,2024-03-01,14,0,0.5714285714285714,321.3928571428572,24.5,28,False,False,2024-03-01T00:33:49,0.6836529242875471
9521296,547083836,2024-03-01,14,0,0.2142857142857142,35.642857142857146,65.33333333333336,28,False,False,2024-03-01T00:31:58,0.267939642602417
7123984,1317330548,2024-03-01,14,0,12.75,10226.90278843471,1.0980392156862746,28,False,False,2024-03-01T00:33:35,0.4993168386862312
2159495,1234290123,2024-03-01,14,8,0.25,424.0833333333333,56.0,24,True,False,2024-03-01T00:32:47,0.46928067438519816
2366344,1252543125,2024-03-01,14,0,0.4583333333333333,75.98958333333333,30.545454545454547,24,False,False,2024-03-01T00:32:39,0.4695273944993492
4166193,824739975,2024-03-01,14,7,1.148148148148148,1255.0,12.193548387096776,27,False,False,2024-03-01T00:32:12,0.4212254723272346
3982039,811180779,2024-03-01,14,10,0.5,520.2496425083706,28.0,28,False,False,2024-03-01T00:32:01,0.3375516774417007
10365789,801047459,2024-03-01,14,0,0.3214285714285714,330.125,43.55555555555556,28,False,False,2024-03-01T00:33:25,0.5734558193193012
3934336,1418471526,2024-03-01,14,0,0.3333333333333333,158.0,42.0,6,False,True,2024-03-01T00:33:05,0.2766518356473455
9424257,1425125840,2024-03-01,14,0,0.1428571428571428,44.42857142857143,98.00000000000004,7,False,True,2024-03-01T00:34:12,0.8177042103309069
5494330,1281237979,2024-03-01,14,2,0.1428571428571428,24.321428571428573,98.00000000000004,28,False,False,2024-03-01T00:32:27,0.213386189990043
480558,1031771742,2024-03-01,14,0,1.8928571428571428,377.07142857142856,7.39622641509434,28,False,False,2024-03-01T00:32:21,0.8474173602295139
10428406,1075385585,2024-03-01,14,20,0.4642857142857143,577.7835693359375,30.153846153846153,28,True,False,2024-03-01T00:33:43,0.7413781220506115
990388,607971650,2024-03-01,14,0,0.1428571428571428,255.6696428571429,98.00000000000004,28,True,False,2024-03-01T00:33:17,0.4347238336569922
10493191,577071800,2024-03-01,14,36,2.7857142857142856,10181.384974888391,5.0256410256410255,28,True,False,2024-03-01T00:32,0.6800691459217076
10994510,1244912963,2024-03-01,14,72,27.25,58442.40004185268,0.5137614678899083,28,True,False,2024-03-01T00:33:35,0.14703788940121748
8261064,731526947,2024-03-01,13,3,0.9642857142857144,477.428213936942,13.48148148148148,28,False,False,2024-03-01T00:33:31,0.8341786492802771
11337021,1335305221,2024-03-01,13,0,0.0909090909090909,108.0,143.00000000000003,22,False,False,2024-03-01T00:33:50,0.24207501071665788
776720,1063472655,2024-03-01,13,0,0.25,112.65,52.0,20,False,False,2024-03-01T00:32:57,0.9576181387695012
1629913,1177344033,2024-03-01,13,0,0.6666666666666666,281.1111111111111,19.5,27,False,False,2024-03-01T00:32:20,0.49021080716589405
3330822,696401475,2024-03-01,13,0,0.2142857142857142,56.5,60.66666666666669,28,False,False,2024-03-01T00:31:59,0.7836581501661787
6290723,1409957816,2024-03-01,13,0,0.25,140.82142857142858,52.0,28,False,True,2024-03-01T00:34:06,0.42467897823005096
1820101,1193113575,2024-03-01,13,40,5.173913043478261,2653.0,2.5126050420168067,23,False,True,2024-03-01T00:32:15,0.2978022914176911
8025458,723024596,2024-03-01,13,0,1.25,3093.5,10.4,28,True,False,2024-03-01T00:33:15,0.10457229923468721
81906,170403966,2024-03-01,13,35,0.7142857142857143,122.20535714285714,18.2,28,False,False,2024-03-01T00:32:59,0.829209227647623
2022111,934081013,2024-03-01,13,6,0.4285714285714285,1401.0,30.33333333333334,28,True,False,2024-03-01T00:33:30,0.6709715964001303
6335547,721736695,2024-03-01,13,0,0.1071428571428571,116.82142857142856,121.33333333333339,28,False,False,2024-03-01T00:32:01,0.5043203591103732
8905164,904736458,2024-03-01,13,0,0.625,155.04166666666666,20.8,24,False,False,2024-03-01T00:32:10,0.18243177512023157
9391859,964086733,2024-03-01,13,0,2.1538461538461537,2818.5576923076924,6.035714285714286,26,True,False,2024-03-01T00:32:21,0.309179649877137
2320479,527692512,2024-03-01,13,0,0.6,469.8,21.666666666666668,15,False,False,2024-03-01T00:32:04,0.555558820614263
6849812,1407347692,2024-03-01,13,0,0.4705882352941176,262.7058823529412,27.625000000000004,17,False,True,2024-03-01T00:32:46,0.5212480040057516
197554,824739839,2024-03-01,13,10,0.6071428571428571,679.8571428571429,21.411764705882355,28,False,False,2024-03-01T00:32:11,0.5553469564462344
3187349,1347585540,2024-03-01,13,3,0.7037037037037037,2270.4814814814813,18.473684210526315,27,True,False,2024-03-01T00:32:33,0.36015487637534604
6027190,340439422,2024-03-01,13,0,0.1428571428571428,29.464285714285715,91.00000000000004,28,False,False,2024-03-01T00:32:01,0.6667550999216025
5732123,655502873,2024-03-01,13,0,6.035714285714286,4278.613568987165,2.1538461538461537,28,False,False,2024-03-01T00:33:12,0.1352385814687622
5904112,644322091,2024-03-01,13,0,0.1785714285714285,205.39285714285717,72.80000000000003,28,False,False,2024-03-01T00:32:05,0.8446316783082162
5505838,1292249158,2024-03-01,13,0,17.035714285714285,6986.098937988281,0.7631027253668764,28,False,False,2024-03-01T00:32:25,0.5541762368999603
1139945,1179292897,2024-03-01,13,0,1.8695652173913044,1485.5957243546195,6.953488372093023,23,False,False,2024-03-01T00:32:26,0.9852580285172139
2616565,580465617,2024-03-01,13,0,0.2142857142857142,130.92857142857142,60.66666666666669,28,False,False,2024-03-01T00:31:56,0.5570947499348758
5203284,298415515,2024-03-01,13,0,0.6428571428571429,187.39285714285717,20.22222222222222,28,False,False,2024-03-01T00:33:08,0.812223880562061
5686744,636992197,2024-03-01,13,0,4.416666666666667,1028.3466669718423,2.943396226415094,24,False,False,2024-03-01T00:32:04,0.8769987900966824
8692975,1349003693,2024-03-01,13,16,1.6428571428571428,469.08607264927457,7.91304347826087,28,False,False,2024-03-01T00:33:48,0.6459518980524491
3983536,812223048,2024-03-01,13,0,1.1304347826086956,127.7391304347826,11.5,23,False,False,2024-03-01T00:32:11,0.33178377603135345
1357884,169605442,2024-03-01,13,2,0.2666666666666666,36.6,48.750000000000014,15,False,False,2024-03-01T00:31:47,0.3865242528524706
9853956,281760659,2024-03-01,13,10,0.8214285714285714,813.6785714285714,15.82608695652174,28,False,False,2024-03-01T00:31:53,0.6408955772205963
1517965,1157100792,2024-03-01,13,30,0.0714285714285714,60.82142857142857,182.00000000000009,28,False,False,2024-03-01T00:32:57,0.717197311755726
7123142,1317242867,2024-03-01,13,0,3.75,1654.389404296875,3.466666666666667,16,False,False,2024-03-01T00:32:25,0.8552348521847594
3972156,802394652,2024-03-01,13,0,2.888888888888889,1482.9711100260415,4.5,18,False,False,2024-03-01T00:32:10,0.38696989273329785
8372488,518647247,2024-03-01,12,4,0.1481481481481481,63.14814814814815,81.00000000000001,27,False,False,2024-03-01T00:33:12,0.5728834831277825
2873505,1315050060,2024-03-01,12,0,0.25,226.0,48.0,28,False,False,2024-03-01T00:32:44,0.933704504534702
7384581,707309801,2024-03-01,12,0,0.8076923076923077,453.75,14.857142857142858,26,False,False,2024-03-01T00:32:09,0.5974066264423905
3927676,1416876297,2024-03-01,12,0,1.125,855.034371972084,10.666666666666666,16,False,True,2024-03-01T00:32:39,0.8076632410296269
2214057,513458061,2024-03-01,12,30,2.1785714285714284,492.0971440928323,5.508196721311476,28,False,False,2024-03-01T00:31:51,0.8209405283320209
2373656,1256877225,2024-03-01,12,0,0.25,126.57142857142856,48.0,28,False,False,2024-03-01T00:32:36,0.8037955517190105
1025746,287646495,2024-03-01,12,0,3.357142857142857,1143.607142857143,3.574468085106383,28,False,False,2024-03-01T00:31:47,0.9707161436673782
1526670,1162768830,2024-03-01,12,135,9.615384615384617,2692.9873017531177,1.2479999999999998,26,False,False,2024-03-01T00:32:20,0.5084961075449539
1589789,385226526,2024-03-01,12,0,0.2857142857142857,499.3809523809524,42.0,21,False,False,2024-03-01T00:32:18,0.6162963912691635
1111696,1202543205,2024-03-01,12,11,0.3928571428571428,82.21428571428571,30.54545454545455,28,False,False,2024-03-01T00:33:26,0.973995103738687
5526368,308862166,2024-03-01,12,3,0.5,143.5,24.0,26,False,False,2024-03-01T00:33:07,0.5863010510555648
1482683,351097371,2024-03-01,12,0,0.0714285714285714,33.464285714285715,168.00000000000009,28,False,False,2024-03-01T00:32:51,0.7999342821032284
4821386,823023657,2024-03-01,12,0,0.3636363636363636,713.0454545454545,33.00000000000001,22,False,True,2024-03-01T00:33:32,0.6228141224578896
2112963,502395288,2024-03-01,12,106,0.2,67.0,60.0,5,False,False,2024-03-01T00:32:54,0.6919357131710592
1586372,380161710,2024-03-01,12,24,2.2777777777777777,433.4361106024848,5.2682926829268295,18,False,False,2024-03-01T00:31:51,0.7502192311186189
10585935,297654608,2024-03-01,12,0,0.6666666666666666,730.5611120153357,18.0,27,False,False,2024-03-01T00:32,0.979425589274918
6139056,686534344,2024-03-01,12,30,1.5,814.3571428571429,8.0,28,False,False,2024-03-01T00:32,0.21733978639665902
6161421,1335145207,2024-03-01,11,13,0.92,1059.88,11.956521739130434,25,False,False,2024-03-01T00:32:34,0.343634841425098
3165692,359674514,2024-03-01,11,0,0.7857142857142857,783.8571428571429,14.0,28,False,False,2024-03-01T00:33:08,0.7092260079525051
7143471,1055647195,2024-03-01,11,0,1.56,295.88,7.051282051282051,25,False,False,2024-03-01T00:33:27,0.21834668300982363
4802678,379865207,2024-03-01,11,0,0.1785714285714285,91.46428571428572,61.60000000000003,28,False,False,2024-03-01T00:31:53,0.7210305227382814
4461201,853556058,2024-03-01,11,0,0.5357142857142857,677.3907121930804,20.533333333333335,28,False,False,2024-03-01T00:32:02,0.8112022059565028
6346885,450347957,2024-03-01,11,0,1.2857142857142858,330.3492867606027,8.555555555555555,28,False,False,2024-03-01T00:31:57,0.18286171574690033
4940268,1134365925,2024-03-01,11,20,0.5,239.3846153846154,22.0,26,False,False,2024-03-01T00:33:30,0.2559040857622171
5232484,946353038,2024-03-01,11,92,4.321428571428571,509.3575003487723,2.5454545454545454,28,False,False,2024-03-01T00:32:21,0.5460051079944048
4231510,565174927,2024-03-01,11,2,0.3928571428571428,142.32142857142858,28.000000000000004,28,False,False,2024-03-01T00:32,0.8440641842857887
4224832,560229328,2024-03-01,11,0,0.1428571428571428,58.46428571428572,77.00000000000003,28,False,False,2024-03-01T00:32:30,0.88459970487299
6481113,976248338,2024-03-01,11,30,0.3928571428571428,184.0,28.000000000000004,28,False,False,2024-03-01T00:32:33,0.8624823952732402
11631965,1419215464,2024-03-01,11,0,1.0,397.22222222222223,11.0,9,False,True,2024-03-01T00:33:04,0.4575720608248972
1521780,1159789443,2024-03-01,11,0,0.6428571428571429,114.28571428571428,17.11111111111111,28,False,False,2024-03-01T00:32:28,0.9139181294927368
545905,149693875,2024-03-01,11,18,4.6923076923076925,663.4774263822115,2.344262295081967,13,False,False,2024-03-01T00:33:02,0.7422724778981004
2427205,553585404,2024-03-01,11,0,0.9285714285714286,455.7857142857143,11.846153846153845,28,False,False,2024-03-01T00:32:02,0.33802927390893717
657723,154724161,2024-03-01,11,2,0.25,109.67857142857144,44.0,28,False,False,2024-03-01T00:31:56,0.21186944653735876
1589811,385420095,2024-03-01,11,0,0.3181818181818182,537.2272727272727,34.57142857142857,22,False,True,2024-03-01T00:31:54,0.4256796169965922
1491916,362471529,2024-03-01,11,12,0.8571428571428571,2082.9517822265625,12.833333333333334,28,True,False,2024-03-01T00:31:54,0.5349007418407997
10000034,561296873,2024-03-01,11,0,0.2857142857142857,118.21109662737165,38.5,28,False,False,2024-03-01T00:33:17,0.9526002863208053
8768199,1154383393,2024-03-01,11,0,0.9090909090909092,1066.0795454545455,12.1,22,False,False,2024-03-01T00:33:28,0.16580196405501646
10030317,1221526220,2024-03-01,11,0,0.7142857142857143,338.7142857142857,15.4,28,False,False,2024-03-01T00:33:55,0.6988082755061714
2319774,526483791,2024-03-01,11,6,0.2142857142857142,147.50642830984933,51.33333333333336,28,False,False,2024-03-01T00:33:04,0.26170331954378623
10030691,1221625280,2024-03-01,11,0,0.2142857142857142,304.4313223702567,51.33333333333336,28,True,False,2024-03-01T00:33:55,0.2851337562228796
2044863,1221500862,2024-03-01,11,0,0.6666666666666666,346.0,16.5,18,False,False,2024-03-01T00:32:23,0.1055034257271805
2320478,527692509,2024-03-01,11,0,0.6071428571428571,471.25,18.117647058823533,28,False,False,2024-03-01T00:32:04,0.9839548289943116
9346001,1359836324,2024-03-01,11,40,0.4074074074074074,190.14814814814812,27.0,27,False,False,2024-03-01T00:32:49,0.5564269120485568
10261129,1052660953,2024-03-01,11,0,5.285714285714286,10591.714634486609,2.081081081081081,28,True,False,2024-03-01T00:32:15,0.9219520892490775
1725701,1190850225,2024-03-01,11,5,0.3214285714285714,214.64285714285717,34.22222222222223,28,False,False,2024-03-01T00:32:17,0.6791201212332193
3663641,755803563,2024-03-01,10,10,1.4,3523.610677083333,7.142857142857143,15,True,False,2024-03-01T00:32:06,0.4915898328591427
6688862,1306311179,2024-03-01,10,0,0.1785714285714285,81.64285714285714,56.00000000000003,28,False,False,2024-03-01T00:32:42,0.5113416681973493
9142380,1358079584,2024-03-01,10,0,3.2142857142857144,818.0,3.111111111111111,28,False,True,2024-03-01T00:33:39,0.6312978805883889
9450180,863827048,2024-03-01,10,84,7.047619047619048,4373.563322521392,1.4189189189189189,21,False,False,2024-03-01T00:33:19,0.3047499923104641
3516387,1242155761,2024-03-01,10,19,3.375,1376.536631266276,2.962962962962963,24,False,False,2024-03-01T00:32:26,0.3592393276233913
7681364,900244838,2024-03-01,10,0,0.25,117.60714285714286,40.0,28,False,False,2024-03-01T00:33:37,0.40998089911384594
2044931,1221535023,2024-03-01,10,0,0.2142857142857142,103.5,46.666666666666686,28,False,False,2024-03-01T00:32:38,0.8677413676413765
185238,976244274,2024-03-01,10,20,0.4285714285714285,189.14285714285717,23.33333333333334,28,False,False,2024-03-01T00:32:22,0.6725346133775754
5990714,1293987071,2024-03-01,10,0,0.6428571428571429,113.67857142857144,15.555555555555554,28,False,False,2024-03-01T00:32:23,0.2366311295261894
4301638,636968609,2024-03-01,10,0,0.2142857142857142,95.03571428571428,46.666666666666686,28,False,False,2024-03-01T00:33:17,0.24723542392001444
4383060,852628989,2024-03-01,10,20,0.3214285714285714,653.3571428571429,31.111111111111114,28,True,False,2024-03-01T00:32:08,0.49533449791856055
1417645,1142816487,2024-03-01,10,0,0.5,673.0357142857143,20.0,28,False,False,2024-03-01T00:32:15,0.4976214115485045
8307040,1128729856,2024-03-01,10,0,1.1428571428571428,197.47964477539065,8.75,28,False,False,2024-03-01T00:33:34,0.8497865707298955
5464670,603084541,2024-03-01,10,0,0.9285714285714286,620.7860717773438,10.769230769230768,28,False,False,2024-03-01T00:32:01,0.48487791366436617
5615616,858722207,2024-03-01,10,5,0.9285714285714286,343.2857142857143,10.769230769230768,14,False,True,2024-03-01T00:32:17,0.7901279204737411
11407629,1174358314,2024-03-01,10,6,2.0416666666666665,2456.3541666666665,4.8979591836734695,24,False,False,2024-03-01T00:32:28,0.1339520597844593
2945784,645430161,2024-03-01,10,0,0.1785714285714285,201.67857142857144,56.00000000000003,28,False,False,2024-03-01T00:32:04,0.9650236936177596
1298543,1129110243,2024-03-01,10,0,0.6785714285714286,578.4285714285714,14.736842105263158,28,False,False,2024-03-01T00:32:22,0.9093541130475465
355516,469676524,2024-03-01,10,0,1.4642857142857142,2583.660714285714,6.829268292682928,28,True,False,2024-03-01T00:31:56,0.9068718601026698
5793777,309440608,2024-03-01,10,0,0.3928571428571428,891.481427873884,25.45454545454546,28,True,False,2024-03-01T00:31:52,0.3203809915897871
3173867,1267680450,2024-03-01,10,0,1.5833333333333333,715.1308339436849,6.315789473684211,24,False,False,2024-03-01T00:33:27,0.9756939700280693
10987219,1241931719,2024-03-01,10,0,0.1071428571428571,209.67857142857144,93.33333333333337,28,True,False,2024-03-01T00:32:48,0.8831567132712513
3334612,700756956,2024-03-01,10,0,3.071428571428572,2421.7678571428573,3.255813953488371,28,False,False,2024-03-01T00:33:09,0.12572869757162475
4811522,388113779,2024-03-01,10,0,0.2142857142857142,70.26785714285714,46.666666666666686,28,False,False,2024-03-01T00:33:37,0.21472548757630944
9898934,899746246,2024-03-01,9,0,0.1785714285714285,432.57142857142856,50.40000000000002,28,True,False,2024-03-01T00:33:28,0.1023943999350338
136815,546388557,2024-03-01,9,0,0.6428571428571429,655.0357142857143,13.999999999999998,28,False,False,2024-03-01T00:33:13,0.6314840286534584
5942936,1326859366,2024-03-01,9,0,2.571428571428572,2632.166782924108,3.499999999999999,28,False,False,2024-03-01T00:32:25,0.7953673164378189
5098803,950092905,2024-03-01,9,0,0.1071428571428571,152.53571428571428,84.00000000000004,28,False,False,2024-03-01T00:32:50,0.6501173357621338
4569064,863874738,2024-03-01,9,0,0.2142857142857142,68.07142857142857,42.00000000000002,28,False,False,2024-03-01T00:32:48,0.5582924649373638
9703903,1060988492,2024-03-01,9,0,0.75,119.4164297921317,12.0,28,False,False,2024-03-01T00:32:31,0.3755432870692039
6380519,1358511154,2024-03-01,9,1,5.25,6709.236415318081,1.7142857142857142,28,False,False,2024-03-01T00:32:34,0.5834701955192765
4811524,388114064,2024-03-01,9,0,0.4642857142857143,138.89285714285714,19.384615384615383,28,False,False,2024-03-01T00:32:20,0.4946388976288738
4408309,1277001566,2024-03-01,9,5,0.6071428571428571,582.1785714285714,14.823529411764707,28,False,False,2024-03-01T00:33:32,0.45587284336526845
2627985,592041924,2024-03-01,9,35,1.6785714285714286,586.422858101981,5.361702127659575,28,False,False,2024-03-01T00:31:56,0.40927673403055975
9160523,942697744,2024-03-01,9,0,0.1428571428571428,138.96428571428572,63.00000000000003,28,False,False,2024-03-01T00:32:21,0.30823620567144616
152362,177733266,2024-03-01,9,0,1.25,307.57142857142856,7.2,28,False,False,2024-03-01T00:31:47,0.808255000656718
7060459,1155438686,2024-03-01,9,0,0.0714285714285714,71.21428571428571,126.00000000000006,28,False,False,2024-03-01T00:32:22,0.7281298813843466
7505023,821007433,2024-03-01,9,0,0.1785714285714285,57.46428571428572,50.40000000000002,28,False,False,2024-03-01T00:32:08,0.6053505829476806
436047,215980962,2024-03-01,9,0,0.0357142857142857,11.535714285714286,252.0000000000001,28,False,False,2024-03-01T00:32:44,0.8329698817323546
2583269,527834773,2024-03-01,9,70,2.6153846153846154,399.5,3.441176470588235,26,False,False,2024-03-01T00:31:57,0.4170320388958513
2518066,569321964,2024-03-01,9,0,0.4285714285714285,211.3571428571429,21.000000000000004,28,False,False,2024-03-01T00:32:27,0.5272713666059113
2966629,1259869062,2024-03-01,9,50,1.5,191.90571430751257,6.0,28,False,False,2024-03-01T00:33:46,0.6084203214193044
3053980,659032428,2024-03-01,9,0,24.75,17202.100062779016,0.36363636363636365,28,False,False,2024-03-01T00:33:08,0.2766275664372003
3139246,660272007,2024-03-01,9,0,0.3214285714285714,147.17857142857142,28.000000000000004,28,False,False,2024-03-01T00:33:08,0.8355652361696093
8589292,909198935,2024-03-01,9,0,0.1111111111111111,572.925925925926,81.0,27,True,True,2024-03-01T00:32:59,0.8411076566927892
3288497,1359848994,2024-03-01,9,40,0.3928571428571428,171.3249991280692,22.909090909090914,28,False,False,2024-03-01T00:32:31,0.35006991962751266
8875328,1200255071,2024-03-01,9,0,0.8214285714285714,677.1428571428571,10.956521739130435,28,False,False,2024-03-01T00:32:31,0.7386872538431458
9297823,544552178,2024-03-01,9,0,0.3571428571428571,58.785714285714285,25.200000000000003,28,False,False,2024-03-01T00:33:13,0.5302794002207122
400462,1252605479,2024-03-01,9,0,1.3478260869565215,235.4639123004416,6.677419354838711,23,False,False,2024-03-01T00:32:24,0.7657985935788861
11350584,603087095,2024-03-01,9,0,1.7857142857142858,1299.419642857143,5.04,28,False,False,2024-03-01T00:32:02,0.9256761786067512
4178831,833890065,2024-03-01,9,0,0.0833333333333333,68.25,108.00000000000004,12,False,False,2024-03-01T00:32:48,0.5015420402670518
3712342,1407288597,2024-03-01,9,5,0.9230769230769232,373.3076923076923,9.749999999999998,13,False,True,2024-03-01T00:32:33,0.6154842206443144
6439731,405724816,2024-03-01,9,18,1.45,478.2,6.206896551724138,20,False,False,2024-03-01T00:32:02,0.26159596152340636
2185941,187112785,2024-03-01,9,0,0.9230769230769232,330.44922814002405,9.749999999999998,13,False,False,2024-03-01T00:31:48,0.7334828159093406
11344586,1342802236,2024-03-01,9,0,0.0357142857142857,7.107142857142857,252.0000000000001,28,False,False,2024-03-01T00:33:03,0.18590188174324163
3584694,1269996500,2024-03-01,9,160,3.923076923076923,1686.29692195012,2.294117647058824,13,False,False,2024-03-01T00:32:35,0.4273203018422307
7054249,1153805630,2024-03-01,8,0,0.8214285714285714,658.5374995640346,9.73913043478261,28,False,False,2024-03-01T00:32:22,0.5637828360126459
10268703,1224766907,2024-03-01,8,0,0.1785714285714285,50.41750008719308,44.80000000000002,28,False,False,2024-03-01T00:32:56,0.12440397680142246
7151830,697031915,2024-03-01,8,0,0.9285714285714286,1987.482142857143,8.615384615384615,28,True,False,2024-03-01T00:32:03,0.224489471579235
11041600,308281931,2024-03-01,8,0,0.2142857142857142,119.5,37.33333333333335,28,False,False,2024-03-01T00:32:07,0.9110139831042396
6810544,753312253,2024-03-01,8,0,0.3214285714285714,269.92857142857144,24.888888888888893,28,False,False,2024-03-01T00:32:06,0.9577916718961924
8433686,865778401,2024-03-01,8,0,1.1923076923076923,1029.5819232647236,6.709677419354839,26,False,False,2024-03-01T00:32:10,0.1942303041194954
10499279,581066813,2024-03-01,8,0,0.0357142857142857,22.75,224.0000000000001,28,False,False,2024-03-01T00:34:10,0.7693544419623791
6830629,1149815540,2024-03-01,8,0,1.2857142857142858,172.60714285714286,6.222222222222221,28,False,False,2024-03-01T00:32:32,0.17347806496684248
6922286,688525931,2024-03-01,8,0,0.0357142857142857,16.285714285714285,224.0000000000001,28,False,False,2024-03-01T00:32:37,0.965695911771483
5993473,1000173727,2024-03-01,8,0,0.0357142857142857,60.535714285714285,224.0000000000001,28,True,False,2024-03-01T00:34:02,0.7627944794653009
7069866,1413809191,2024-03-01,8,0,1.2857142857142858,1609.186662946429,6.222222222222221,21,True,True,2024-03-01T00:32:43,0.8050256114357816
69379,162772071,2024-03-01,8,14,0.7142857142857143,206.74107142857144,11.2,28,False,False,2024-03-01T00:33,0.8334294684221857
1383858,335071011,2024-03-01,8,0,1.0952380952380951,268.6190476190476,7.304347826086957,21,False,False,2024-03-01T00:31:55,0.48074861705252236
2045092,1221614730,2024-03-01,8,0,0.1071428571428571,43.60677446637835,74.6666666666667,28,False,False,2024-03-01T00:32:38,0.3450505573175617
4473155,859256580,2024-03-01,8,0,11.571428571428571,8937.753173828125,0.691358024691358,28,False,False,2024-03-01T00:32:05,0.12704078514105127
8443940,875909743,2024-03-01,7,0,0.5263157894736842,361.63000167043583,13.3,19,False,False,2024-03-01T00:32:13,0.324642346783599
2935212,636794355,2024-03-01,7,0,0.5,163.875,14.0,24,False,False,2024-03-01T00:32:06,0.6408200126145028
7990148,240816788,2024-03-01,7,24,1.6875,2735.4368743896484,4.148148148148148,16,False,False,2024-03-01T00:31:53,0.44402257334467676
4745156,1315743681,2024-03-01,7,0,0.0714285714285714,17.428571428571427,98.00000000000004,28,False,False,2024-03-01T00:34:09,0.5869651070934598
10881604,1424186617,2024-03-01,7,0,0.1,144.3,70.0,10,False,True,2024-03-01T00:34:19,0.6328855954484479
2323553,530194644,2024-03-01,7,4,1.3076923076923077,145.69230769230768,5.352941176470588,13,False,True,2024-03-01T00:31:57,0.5368993497634827
6914431,1032625351,2024-03-01,7,0,4.571428571428571,1439.2264273507255,1.53125,28,False,False,2024-03-01T00:33:27,0.8359622945090778
6322810,703133332,2024-03-01,7,0,0.7083333333333334,131.1266663869222,9.88235294117647,24,False,False,2024-03-01T00:32:01,0.18662797278685164
2667618,1288884975,2024-03-01,7,0,0.3928571428571428,137.90178571428572,17.81818181818182,28,False,False,2024-03-01T00:32:33,0.2926657682441366
10511038,921963991,2024-03-01,7,1,0.2727272727272727,70.36363636363636,25.666666666666668,22,False,False,2024-03-01T00:33:22,0.16681075923391286
6865090,211015430,2024-03-01,7,0,1.0588235294117647,372.7070581772748,6.611111111111111,17,False,False,2024-03-01T00:31:49,0.49205578482245504
3697497,1400071179,2024-03-01,7,0,0.1875,75.625,37.333333333333336,16,False,True,2024-03-01T00:32:59,0.8335972129300829
1624396,1173495804,2024-03-01,7,0,0.6428571428571429,199.0694580078125,10.888888888888888,28,False,False,2024-03-01T00:32:20,0.4906011345040465
4996617,579531934,2024-03-01,7,0,0.1071428571428571,48.25,65.33333333333336,28,False,False,2024-03-01T00:32:35,0.4304022009953935
1795671,450227655,2024-03-01,7,0,0.1428571428571428,117.07142857142856,49.00000000000002,28,False,False,2024-03-01T00:33:05,0.7488268738181604
5765583,990384280,2024-03-01,7,0,0.1071428571428571,196.25,65.33333333333336,28,False,False,2024-03-01T00:34:02,0.5696710563147339
2518003,569281458,2024-03-01,7,0,1.88,2062.5,3.7234042553191493,25,False,False,2024-03-01T00:33:05,0.21205500780013092
8681914,899736877,2024-03-01,7,0,0.1071428571428571,266.35714285714283,65.33333333333336,28,True,False,2024-03-01T00:32:12,0.4772499386319098
5202222,297646180,2024-03-01,7,0,0.25,389.2142857142857,28.0,28,True,False,2024-03-01T00:33:05,0.38800630424766813
8502571,800908810,2024-03-01,7,0,0.25,859.0714285714286,28.0,28,True,False,2024-03-01T00:33:15,0.5286477751591899
383895,1010781219,2024-03-01,7,5,0.3333333333333333,1283.4229227701824,21.0,24,True,False,2024-03-01T00:32:35,0.5571521467404655
8448310,881039449,2024-03-01,6,38,1.1,911.5,5.454545454545454,10,True,False,2024-03-01T00:32:07,0.3118295572862324
9215957,849655138,2024-03-01,6,2,1.7142857142857142,669.8125,3.5,28,False,False,2024-03-01T00:33:18,0.12092012721432824
5549072,953636939,2024-03-01,6,0,0.3928571428571428,288.35714285714283,15.272727272727275,28,False,False,2024-03-01T00:33:38,0.7654664443016236
4082260,823263432,2024-03-01,6,0,0.0952380952380952,264.42857142857144,63.00000000000002,21,True,False,2024-03-01T00:32:12,0.7344797497339237
6605855,1146401894,2024-03-01,6,0,6.535714285714286,4376.535714285715,0.9180327868852459,28,False,False,2024-03-01T00:32:25,0.8040802682241078
7029225,478846232,2024-03-01,6,0,0.3214285714285714,183.8571428571429,18.666666666666668,28,False,False,2024-03-01T00:31:58,0.44659332010418284
3980407,809072670,2024-03-01,6,0,2.857142857142857,1400.857142857143,2.1,7,False,False,2024-03-01T00:32:07,0.9952738169066333
1291495,1124929155,2024-03-01,6,40,23.7,4161.22197265625,0.25316455696202533,10,False,False,2024-03-01T00:32:21,0.2149575189968553
7117410,1315685519,2024-03-01,6,0,0.5,186.9642857142857,12.0,28,False,False,2024-03-01T00:32:25,0.6456383515056033
9449821,863432269,2024-03-01,6,0,0.0357142857142857,105.67857142857144,168.00000000000009,28,True,False,2024-03-01T00:33,0.6079960227343397
236147,181391286,2024-03-01,6,60,1.5357142857142858,2005.6785714285716,3.9069767441860463,28,False,False,2024-03-01T00:33:02,0.9495555602987995
11572768,1398960619,2024-03-01,6,0,0.3928571428571428,77.78571428571429,15.272727272727275,28,False,False,2024-03-01T00:33:40,0.7967500970449992
6894040,1312132940,2024-03-01,6,0,11.5,2294.256883409288,0.5217391304347826,18,False,False,2024-03-01T00:32:42,0.7769899137626547
69638,162863703,2024-03-01,6,0,0.25,119.03571428571428,24.0,28,False,False,2024-03-01T00:33:03,0.9189342506226154
925662,270276819,2024-03-01,6,0,0.1071428571428571,66.10714285714286,56.00000000000003,28,False,False,2024-03-01T00:31:57,0.9844253330728859
3175650,1268244285,2024-03-01,6,0,0.1428571428571428,40.41250010899135,42.00000000000002,28,False,False,2024-03-01T00:33:54,0.49169770377260325
2343053,348790868,2024-03-01,6,0,0.0714285714285714,36.25,84.00000000000004,28,False,False,2024-03-01T00:32:51,0.6215678730786302
10675952,1084557761,2024-03-01,6,0,0.2857142857142857,290.25,21.0,28,False,False,2024-03-01T00:32:36,0.4540308570771483
8029111,724382591,2024-03-01,6,0,0.1071428571428571,16.02142878941127,56.00000000000003,28,False,False,2024-03-01T00:32:09,0.45637678950876626
4989180,174358673,2024-03-01,6,0,0.1785714285714285,78.07142857142857,33.600000000000016,28,False,False,2024-03-01T00:31:50,0.983089223444541
2328215,534733494,2024-03-01,6,0,0.0714285714285714,10.142857142857142,84.00000000000004,28,False,False,2024-03-01T00:32:38,0.6611186242866078
7655441,1008280826,2024-03-01,6,10,0.3928571428571428,592.6217869349888,15.272727272727275,28,True,False,2024-03-01T00:32:20,0.5363652022975316
2822827,613543038,2024-03-01,6,0,0.1785714285714285,32.5,33.600000000000016,28,False,False,2024-03-01T00:31:59,0.4338022867980609
2585766,530180506,2024-03-01,6,4,1.2307692307692308,136.30769230769232,4.875,13,False,True,2024-03-01T00:32:10,0.594620714312005
8537019,1143847093,2024-03-01,6,0,0.25,332.6428571428572,24.0,28,False,False,2024-03-01T00:33:34,0.4852567854905121
3040142,647430936,2024-03-01,6,0,1.1428571428571428,551.2207162039621,5.25,28,False,False,2024-03-01T00:33:09,0.8821846743200934
369476,996193701,2024-03-01,6,80,2.7,1502.7775024414063,2.222222222222222,20,False,False,2024-03-01T00:32:19,0.1254042100206018
2833117,626434173,2024-03-01,6,14,0.4,623.92,15.0,25,True,False,2024-03-01T00:32:03,0.30466542248426387
2210111,509859231,2024-03-01,5,0,0.1428571428571428,109.91214207240512,35.000000000000014,28,False,False,2024-03-01T00:31:55,0.5371092730127787
7004927,883724801,2024-03-01,5,0,0.5714285714285714,274.1189291817801,8.75,28,False,False,2024-03-01T00:33:33,0.2649544216152726
8905185,904756276,2024-03-01,5,0,0.25,204.25,20.0,12,False,False,2024-03-01T00:32:11,0.2466908581207892
2999970,199526239,2024-03-01,5,0,0.0714285714285714,104.57142857142856,70.00000000000003,28,False,False,2024-03-01T00:31:50,0.7020598706805993
5505063,1291869499,2024-03-01,5,0,0.5,94.28571428571428,10.0,28,False,False,2024-03-01T00:32:23,0.9793058118336774
1997921,484598235,2024-03-01,5,0,0.1428571428571428,59.42857142857143,35.000000000000014,28,False,False,2024-03-01T00:33:06,0.5390154643683619
2047359,1222328208,2024-03-01,5,0,0.25,55.035714285714285,20.0,28,False,False,2024-03-01T00:32:23,0.19313211803454017
5396805,396914096,2024-03-01,5,15,1.0357142857142858,255.8835710797991,4.827586206896552,28,False,False,2024-03-01T00:33:06,0.462482724875116
6032314,351386884,2024-03-01,5,0,7.736842105263157,1661.7652652138158,0.6462585034013606,19,False,False,2024-03-01T00:31:53,0.9149461393436805
4534637,273428158,2024-03-01,5,0,1.0357142857142858,385.8571428571428,4.827586206896552,28,False,False,2024-03-01T00:33:02,0.7025658257033781
11353481,604997663,2024-03-01,5,0,0.3846153846153846,170.6153846153846,13.000000000000002,26,False,False,2024-03-01T00:32:13,0.2532026135189537
5552604,955079336,2024-03-01,5,40,1.3333333333333333,555.1333333333333,3.75,15,False,False,2024-03-01T00:32:38,0.7106659382338505
5714616,1307152522,2024-03-01,5,0,0.0714285714285714,46.92857142857143,70.00000000000003,28,False,False,2024-03-01T00:32:38,0.18750027425740878
525594,225990393,2024-03-01,5,20,1.125,3699.5416666666665,4.444444444444445,24,True,False,2024-03-01T00:32:59,0.6945569351770615
10945675,1310634787,2024-03-01,5,0,6.55,1372.9659912109375,0.7633587786259542,20,False,False,2024-03-01T00:33:39,0.372258569233907
5758651,1288862630,2024-03-01,5,0,0.0476190476190476,27.19047619047619,105.00000000000004,21,False,False,2024-03-01T00:32:31,0.7958046217334676
10933288,925642859,2024-03-01,5,20,0.5357142857142857,129.086430140904,9.333333333333334,28,False,False,2024-03-01T00:32:32,0.6689979895308957
5839042,859218011,2024-03-01,5,0,8.035714285714286,6975.205758231027,0.6222222222222221,28,False,False,2024-03-01T00:32:13,0.2521653619753071
10885042,1424732674,2024-03-01,5,0,1.125,437.25,4.444444444444445,8,False,True,2024-03-01T00:34:05,0.10859383186238382
5986766,1293162665,2024-03-01,5,0,0.2857142857142857,80.28571428571429,17.5,28,False,False,2024-03-01T00:32:23,0.8354945064202858
4637898,259344616,2024-03-01,5,0,9.857142857142858,1592.9471479143417,0.5072463768115941,28,False,False,2024-03-01T00:31:48,0.9957568263351043
4004889,373310186,2024-03-01,5,0,1.9615384615384612,1847.9326923076924,2.5490196078431375,26,False,False,2024-03-01T00:31:53,0.8898513052006874
1113456,1203541863,2024-03-01,5,0,1.4444444444444444,447.3507396556713,3.4615384615384617,27,False,False,2024-03-01T00:33:37,0.13249792464639013
1140027,1179336964,2024-03-01,5,0,1.1923076923076923,1232.4242318960337,4.193548387096774,26,False,False,2024-03-01T00:32:20,0.8184425648433827
6785655,882179399,2024-03-01,5,4,0.0714285714285714,82.75,70.00000000000003,28,False,False,2024-03-01T00:32:59,0.3779907640455683
565036,987905928,2024-03-01,5,3,0.0357142857142857,26.178571428571427,140.00000000000006,28,False,False,2024-03-01T00:34:28,0.6315546023582183
6638872,539966677,2024-03-01,5,0,0.0714285714285714,86.71428571428571,70.00000000000003,28,False,False,2024-03-01T00:32:51,0.9074192460744563
4472198,858876906,2024-03-01,5,0,18.035714285714285,10167.041399274554,0.27722772277227725,28,False,False,2024-03-01T00:32:05,0.382074549127433
862809,999780072,2024-03-01,5,40,1.6923076923076923,1667.8461538461538,2.9545454545454546,13,False,False,2024-03-01T00:33:22,0.16410818654225787
924801,269759586,2024-03-01,5,0,0.0357142857142857,25.607142857142858,140.00000000000006,28,False,False,2024-03-01T00:32:53,0.8891044996709758
1143462,1185477742,2024-03-01,5,0,0.5714285714285714,179.78571428571428,8.75,28,False,False,2024-03-01T00:32:20,0.2160500017067626
11046347,309895055,2024-03-01,4,0,0.5714285714285714,1366.142857142857,7.0,28,True,False,2024-03-01T00:31:58,0.23810120884114394
11037107,306558491,2024-03-01,4,0,0.7727272727272727,1432.0886452414773,5.176470588235294,22,True,False,2024-03-01T00:32,0.9756459818929144
8609853,524227151,2024-03-01,4,0,1.3214285714285714,458.25,3.027027027027027,28,False,False,2024-03-01T00:33:08,0.88063798858661
8615596,526378418,2024-03-01,4,0,0.9285714285714286,2080.77144077846,4.3076923076923075,28,False,False,2024-03-01T00:33:10,0.29737868515684046
10586071,297664511,2024-03-01,4,0,0.3809523809523809,570.6047595796131,10.500000000000002,21,True,False,2024-03-01T00:33:07,0.3736923734243671
9373283,268499405,2024-03-01,4,0,0.1785714285714285,143.42857142857142,22.40000000000001,28,False,False,2024-03-01T00:34:02,0.27159420719050653
10629704,581058787,2024-03-01,4,0,0.0714285714285714,48.285714285714285,56.00000000000003,28,False,False,2024-03-01T00:34:13,0.14571960586420638
979377,1089320316,2024-03-01,4,0,1.3846153846153846,837.5769230769231,2.888888888888889,26,False,False,2024-03-01T00:32:20,0.7568636722415302
2174166,177347512,2024-03-01,4,0,0.1428571428571428,263.7142857142857,28.000000000000014,28,True,False,2024-03-01T00:31:47,0.9157552297563577
8891037,259164476,2024-03-01,4,0,6.785714285714286,2596.2178562709264,0.5894736842105264,28,False,False,2024-03-01T00:31:50,0.22053910681732058
1316648,1394690981,2024-03-01,4,0,0.0714285714285714,29.857142857142858,56.00000000000003,28,False,False,2024-03-01T00:32:48,0.47556760333968906
10752226,1300420420,2024-03-01,4,6,1.263157894736842,902.3026315789474,3.166666666666667,19,False,False,2024-03-01T00:33:33,0.24360655174653822
9684921,881572759,2024-03-01,4,0,0.1428571428571428,188.32142857142856,28.000000000000014,28,False,False,2024-03-01T00:33:23,0.46929232396731957
5398346,397848770,2024-03-01,4,0,0.1071428571428571,44.642857142857146,37.33333333333335,28,False,False,2024-03-01T00:31:59,0.7645398065914667
8206368,850387906,2024-03-01,4,218,21.615384615384617,4845.764535757212,0.18505338078291814,26,False,False,2024-03-01T00:32:10,0.234728966691241
7504465,820744081,2024-03-01,4,0,0.25,166.35714285714286,16.0,28,False,False,2024-03-01T00:32:06,0.1716079395272494
4168355,825883182,2024-03-01,4,1,0.25,142.03571428571428,16.0,28,False,False,2024-03-01T00:32:07,0.29699611093467315
6903747,1022601616,2024-03-01,4,0,10.107142857142858,2321.235725402832,0.3957597173144876,28,False,False,2024-03-01T00:33:27,0.31489705012720776
4416296,809810943,2024-03-01,4,0,2.272727272727273,1151.0018199573865,1.7599999999999998,11,False,False,2024-03-01T00:33:14,0.46063192741110937
6210241,1295651045,2024-03-01,4,0,1.8,3735.866666666667,2.2222222222222223,15,True,False,2024-03-01T00:32:49,0.8555012549422152
3448374,721730772,2024-03-01,4,0,1.5833333333333333,2509.9620768229165,2.5263157894736845,24,True,False,2024-03-01T00:32:04,0.42652469921698455
6170430,1346366206,2024-03-01,4,0,0.0714285714285714,61.035714285714285,56.00000000000003,28,False,False,2024-03-01T00:32:27,0.3950939020241504
7092608,218491943,2024-03-01,4,0,0.3928571428571428,243.8635711669922,10.181818181818183,28,False,False,2024-03-01T00:31:51,0.3521584330565133
2862126,1305989715,2024-03-01,4,0,0.5,719.8214285714286,8.0,28,False,False,2024-03-01T00:32:23,0.7611767342239577
6452905,1300453343,2024-03-01,4,22,3.2916666666666665,1233.0012512207031,1.2151898734177216,24,False,False,2024-03-01T00:32:34,0.7479154328548306
7314799,222642440,2024-03-01,4,0,0.8571428571428571,463.49178641183033,4.666666666666667,28,False,False,2024-03-01T00:31:51,0.4374760940274389
6440707,407606413,2024-03-01,4,0,0.5357142857142857,86.14285714285714,7.466666666666667,28,False,False,2024-03-01T00:31:59,0.5403697952944734
5238270,948192578,2024-03-01,4,0,0.0357142857142857,33.607142857142854,112.00000000000006,28,False,False,2024-03-01T00:32:49,0.446727600366835
2768029,1294161618,2024-03-01,4,0,0.9285714285714286,226.81500026157923,4.3076923076923075,28,False,False,2024-03-01T00:32:33,0.38151580016802045
5647433,408201230,2024-03-01,4,0,0.8214285714285714,553.4457135881696,4.869565217391305,28,False,False,2024-03-01T00:31:56,0.3873523046382492
5636605,248796808,2024-03-01,4,0,0.0416666666666666,8.104166666666666,96.00000000000016,24,False,True,2024-03-01T00:34:08,0.9115406699845243
5334940,1339289763,2024-03-01,4,6,0.8888888888888888,335.7688886854384,4.5,18,False,False,2024-03-01T00:33:49,0.287361913281721
2642407,620293310,2024-03-01,4,0,0.7142857142857143,565.6428571428571,5.6,28,False,False,2024-03-01T00:33:14,0.5523649674663659
8275785,771280279,2024-03-01,4,0,0.0357142857142857,24.178571428571427,112.00000000000006,28,False,False,2024-03-01T00:33:59,0.3637311384487817
4783803,899749206,2024-03-01,3,0,0.0357142857142857,78.67857142857143,84.00000000000004,28,True,False,2024-03-01T00:32:37,0.9027510216910725
10756242,1303758388,2024-03-01,3,0,0.25,36.67857142857143,12.0,28,False,False,2024-03-01T00:33,0.3459216462419151
10668482,1081207718,2024-03-01,3,0,0.25,79.46428571428571,12.0,28,False,False,2024-03-01T00:32:35,0.5017724920661126
4449889,1124739669,2024-03-01,3,0,11.464285714285714,1150.125719342913,0.26168224299065423,28,False,False,2024-03-01T00:33:34,0.12058028444676677
11329426,1250914610,2024-03-01,3,0,0.0357142857142857,28.964285714285715,84.00000000000004,28,False,False,2024-03-01T00:33:04,0.7252426364988677
200929,825537278,2024-03-01,3,0,0.0714285714285714,36.32142857142857,42.00000000000002,28,False,False,2024-03-01T00:33:34,0.8224601659411441
11615471,1415762701,2024-03-01,3,42,0.4166666666666667,923.75,7.199999999999999,12,True,True,2024-03-01T00:33:53,0.10632025092943947
5757136,1288590680,2024-03-01,3,0,0.1578947368421052,116.48473799856086,19.000000000000007,19,False,False,2024-03-01T00:32:46,0.8507470287439218
1039806,880949715,2024-03-01,3,0,0.1071428571428571,88.53571428571429,28.000000000000014,28,False,False,2024-03-01T00:33:52,0.3170283764495468
6898228,1313223257,2024-03-01,3,0,0.2142857142857142,172.0324990408761,14.000000000000007,28,False,False,2024-03-01T00:32:53,0.25375219276457006
8547264,1028736308,2024-03-01,3,0,0.0714285714285714,57.67857142857143,42.00000000000002,28,False,False,2024-03-01T00:32:57,0.47722908722323565
2420280,545502069,2024-03-01,3,0,3.678571428571429,1781.0460815429688,0.8155339805825242,28,False,False,2024-03-01T00:31:52,0.7252122618315052
5162864,1279460987,2024-03-01,2,0,0.25,114.96428571428572,8.0,28,False,False,2024-03-01T00:32:49,0.8137680636895271
3366317,167779187,2024-03-01,2,0,0.3809523809523809,628.3809523809524,5.250000000000001,21,False,False,2024-03-01T00:32:15,0.6335744371197992
4499918,942781727,2024-03-01,2,100,2.333333333333333,1840.702380952381,0.8571428571428572,21,False,False,2024-03-01T00:32:10,0.9002599592801828
1354671,167770513,2024-03-01,2,0,0.1428571428571428,230.7619047619048,14.000000000000007,21,False,False,2024-03-01T00:31:50,0.8422161818765419
2050700,1224081549,2024-03-01,2,5,0.12,18.08,16.666666666666668,25,False,False,2024-03-01T00:32:28,0.5900447904352574
4662634,1130090517,2024-03-01,2,0,0.1785714285714285,282.25,11.200000000000005,28,False,False,2024-03-01T00:34:14,0.9794850827470509
8980531,1422676979,2024-03-01,2,0,0.8181818181818182,362.9090909090909,2.444444444444444,11,False,True,2024-03-01T00:32:51,0.598130925017394
3810680,1408350015,2024-03-01,2,0,0.2692307692307692,111.96153846153848,7.428571428571429,26,False,True,2024-03-01T00:32:33,0.5699358797239537
440367,219075492,2024-03-01,2,0,0.1071428571428571,176.64285714285714,18.666666666666675,28,False,False,2024-03-01T00:31:49,0.4213165254165544
3583338,1269785075,2024-03-01,2,3,0.2857142857142857,439.1904761904762,7.0,21,False,False,2024-03-01T00:32:57,0.11458390090554518
2614069,577138608,2024-03-01,2,8,0.1785714285714285,60.46428571428572,11.200000000000005,28,False,False,2024-03-01T00:32:08,0.3637218021761881
5546983,953070323,2024-03-01,2,0,0.0357142857142857,128.0,56.00000000000003,28,True,False,2024-03-01T00:33:39,0.8540455728323235
2459558,1261227969,2024-03-01,2,0,0.0476190476190476,137.23809523809524,42.000000000000014,21,True,False,2024-03-01T00:32:29,0.8566254451569313
5350659,852875981,2024-03-01,2,0,0.4736842105263157,576.0621145148026,4.222222222222223,19,False,False,2024-03-01T00:33:22,0.5067698285075205
11394448,1160665564,2024-03-01,2,0,0.25,210.3874991280692,8.0,28,False,False,2024-03-01T00:32:31,0.8509032236511986
7062662,1156246277,2024-03-01,2,0,0.4285714285714285,641.875,4.666666666666668,28,True,False,2024-03-01T00:33:47,0.6817539947676684
6104159,438544010,2024-03-01,2,0,0.6785714285714286,274.10714285714283,2.9473684210526314,28,False,False,2024-03-01T00:32:01,0.7879542778417621
8324706,1023902270,2024-03-01,2,0,0.0357142857142857,50.21428571428572,56.00000000000003,28,True,False,2024-03-01T00:34:04,0.6735773031815048
6324852,707305195,2024-03-01,2,0,1.4705882352941178,831.2941176470588,1.3599999999999999,17,False,False,2024-03-01T00:32:02,0.4568970590431788
6988842,992651150,2024-03-01,2,41,4.916666666666667,4798.333333333333,0.4067796610169491,24,False,False,2024-03-01T00:32:14,0.786195788545881
10000033,561296636,2024-03-01,2,0,0.0357142857142857,14.357142857142858,56.00000000000003,28,False,False,2024-03-01T00:33:17,0.7003847409630178
6775924,879560054,2024-03-01,2,0,2.5,1591.9831820401278,0.8,22,False,False,2024-03-01T00:32:15,0.6313846360519935
1583814,375172812,2024-03-01,2,0,0.0666666666666666,105.33333333333331,30.000000000000032,15,False,False,2024-03-01T00:31:55,0.2145088911264525
8320540,1022129567,2024-03-01,2,0,0.1666666666666666,294.1111111111111,12.000000000000005,18,False,False,2024-03-01T00:32:42,0.2722708723252738
6884765,606482446,2024-03-01,2,0,0.8214285714285714,1753.357142857143,2.4347826086956523,28,True,False,2024-03-01T00:33:11,0.883714989320573
8698885,1350738557,2024-03-01,1,0,1.7083333333333333,1408.8020833333333,0.5853658536585367,24,False,False,2024-03-01T00:33:33,0.8418329976593988
5525286,307280146,2024-03-01,1,0,0.25,213.6696428571429,4.0,28,False,False,2024-03-01T00:33:07,0.37237626719485695
76513,167770512,2024-03-01,1,0,0.7142857142857143,1162.5238095238096,1.4,21,False,False,2024-03-01T00:31:46,0.2849225372258067
3810690,1408356051,2024-03-01,1,0,0.1538461538461538,72.17846210186298,6.500000000000002,26,False,True,2024-03-01T00:32:33,0.5516101686921455
10000365,561369401,2024-03-01,1,12,0.6785714285714286,418.9285714285714,1.4736842105263157,28,False,False,2024-03-01T00:32:07,0.8748042911115852
200548,825439247,2024-03-01,1,1,0.2105263157894736,93.57894736842104,4.750000000000002,19,False,False,2024-03-01T00:32:11,0.6447348885805471
1154598,297650784,2024-03-01,1,0,0.2142857142857142,308.2142857142857,4.666666666666669,28,False,False,2024-03-01T00:32:38,0.17865110310282556
11232629,311873687,2024-03-01,1,0,0.0357142857142857,26.785714285714285,28.000000000000014,28,False,False,2024-03-01T00:33:10,0.36851438307325945
10585870,297652250,2024-03-01,1,1,0.3333333333333333,967.6666666666666,3.0,3,False,False,2024-03-01T00:33:07,0.5206181812129596
8027687,723736604,2024-03-01,1,0,0.0357142857142857,7.0,28.000000000000014,28,False,False,2024-03-01T00:33:01,0.6521716414620677
4495099,941022074,2024-03-01,1,0,0.1111111111111111,129.11111111111111,9.0,9,False,False,2024-03-01T00:33:10,0.3716981764671572
997236,611430548,2024-03-01,1,0,0.6785714285714286,299.8099975585937,1.4736842105263157,28,False,False,2024-03-01T00:32:01,0.7641922270990887
10963543,593024813,2024-03-01,1,0,0.6428571428571429,232.75,1.5555555555555554,28,False,False,2024-03-01T00:32:01,0.7580092312943393
10432671,1076521160,2024-03-01,1,1,3.636363636363636,18121.97136896307,0.275,22,True,False,2024-03-01T00:32:16,0.45990647872183743
5791629,307279738,2024-03-01,1,0,0.3571428571428571,409.8582153320313,2.8000000000000003,28,False,False,2024-03-01T00:32:02,0.417973686923908
3366298,167770514,2024-03-01,1,0,0.4736842105263157,792.8947368421053,2.1111111111111116,19,False,False,2024-03-01T00:31:54,0.9650831458258425
1918225,1261218263,2024-03-01,1,0,0.9642857142857144,313.7289297921317,1.037037037037037,28,False,False,2024-03-01T00:32:21,0.29284101695281395
10840992,809643995,2024-03-01,1,0,3.0,1735.75,0.3333333333333333,8,False,False,2024-03-01T00:33:21,0.18718302870383283
4446761,1122458337,2024-03-01,1,0,0.1666666666666666,209.33333333333331,6.000000000000003,24,False,False,2024-03-01T00:33:58,0.5879285418818747
6337303,724382596,2024-03-01,1,0,0.2142857142857142,32.19214303152902,4.666666666666669,28,False,False,2024-03-01T00:32:11,0.6279973579197758
2796250,1075008351,2024-03-01,1,0,0.3333333333333333,313.8095238095238,3.0,21,False,False,2024-03-01T00:33:22,0.3069594350944971
